Order,Date
1,18-Jan-19
2,18-Jan-19
3,18-Jan-19
4,18-Jan-19
5,18-Jan-19
6,18-Jan-19
7,18-Jan-19
8,25-Jan-19
9,25-Jan-19
10,25-Jan-19
11,25-Jan-19
12,25-Jan-19
13,25-Jan-19
14,25-Jan-19
15,1-Feb-19
16,1-Feb-19
17,1-Feb-19
18,1-Feb-19
19,1-Feb-19
20,1-Feb-19
21,1-Feb-19
22,8-Feb-19
23,8-Feb-19
24,8-Feb-19
25,8-Feb-19
26,8-Feb-19
27,8-Feb-19
28,8-Feb-19
29,15-Feb-19
30,15-Feb-19
31,15-Feb-19
32,15-Feb-19
33,15-Feb-19
34,15-Feb-19
35,15-Feb-19
36,22-Feb-19
37,22-Feb-19
38,22-Feb-19
39,22-Feb-19
40,22-Feb-19
41,22-Feb-19
42,22-Feb-19
43,1-Mar-19
44,1-Mar-19
45,1-Mar-19
46,1-Mar-19
47,1-Mar-19
48,1-Mar-19
49,1-Mar-19
